-- Generated from fe/src/mocks/mockData.ts and fe/src/mocks/missionData.ts
-- Do not edit manually. Re-run `node bin/generate-reference-seed.mjs` after world data changes.

INSERT INTO cities (id, name, country, country_flag, steps_required, lat, lng, description, sort_order)
VALUES
  ('seoul', '서울', '대한민국', '🇰🇷', 0, 37.5665, 126.978, '한류의 중심지, 전통과 현대가 공존하는 도시', 1),
  ('busan', '부산', '대한민국', '🇰🇷', 200000, 35.1796, 129.0756, '해운대와 감천문화마을의 항구 도시', 2),
  ('tokyo', '도쿄', '일본', '🇯🇵', 400000, 35.6762, 139.6503, '전통과 미래가 만나는 세계 최대 도시', 3),
  ('osaka', '오사카', '일본', '🇯🇵', 600000, 34.6937, 135.5023, '먹거리의 천국, 활기 넘치는 도시', 4),
  ('shanghai', '상하이', '중국', '🇨🇳', 800000, 31.2304, 121.4737, '동양의 파리, 현대 중국의 경제 중심지', 5),
  ('bangkok', '방콕', '태국', '🇹🇭', 1000000, 13.7563, 100.5018, '미소의 나라, 황금 사원의 도시', 6),
  ('singapore', '싱가포르', '싱가포르', '🇸🇬', 1200000, 1.3521, 103.8198, '가든시티, 아시아의 보석', 7),
  ('mumbai', '뭄바이', '인도', '🇮🇳', 1400000, 19.076, 72.8777, '볼리우드의 도시, 인도의 경제 수도', 8),
  ('dubai', '두바이', '아랍에미리트', '🇦🇪', 1600000, 25.2048, 55.2708, '사막 위의 미래도시', 9),
  ('istanbul', '이스탄불', '튀르키예', '🇹🇷', 1800000, 41.0082, 28.9784, '동서양의 교차점, 천년의 역사', 10),
  ('paris', '파리', '프랑스', '🇫🇷', 2000000, 48.8566, 2.3522, '사랑과 예술의 도시', 11),
  ('london', '런던', '영국', '🇬🇧', 2200000, 51.5074, -0.1278, '역사와 현대가 공존하는 세계적 도시', 12),
  ('newyork', '뉴욕', '미국', '🇺🇸', 2600000, 40.7128, -74.006, '세계의 수도, 꿈의 도시', 13),
  ('rio', '리우데자네이루', '브라질', '🇧🇷', 3000000, -22.9068, -43.1729, '삼바와 카니발의 도시', 14);

INSERT INTO city_foods (city_id, name)
VALUES
  ('seoul', '비빔밥'),
  ('seoul', '김치찌개'),
  ('seoul', '떡볶이'),
  ('seoul', '삼겹살'),
  ('busan', '밀면'),
  ('busan', '돼지국밥'),
  ('busan', '씨앗호떡'),
  ('busan', '회'),
  ('tokyo', '라멘'),
  ('tokyo', '스시'),
  ('tokyo', '타코야키'),
  ('tokyo', '텐푸라'),
  ('osaka', '오코노미야키'),
  ('osaka', '타코야키'),
  ('osaka', '쿠시카츠'),
  ('shanghai', '샤오롱바오'),
  ('shanghai', '마라탕'),
  ('shanghai', '볶음면'),
  ('bangkok', '팟타이'),
  ('bangkok', '똠양꿍'),
  ('bangkok', '망고 스티키라이스'),
  ('singapore', '칠리크랩'),
  ('singapore', '하이난 치킨라이스'),
  ('singapore', '락사'),
  ('mumbai', '버터 치킨'),
  ('mumbai', '비리야니'),
  ('mumbai', '도사'),
  ('dubai', '샤와르마'),
  ('dubai', '후무스'),
  ('dubai', '마크부스'),
  ('istanbul', '케밥'),
  ('istanbul', '바클라바'),
  ('istanbul', '터키쉬 딜라이트'),
  ('paris', '크루아상'),
  ('paris', '에스카르고'),
  ('paris', '마카롱'),
  ('london', '피쉬 앤 칩스'),
  ('london', '애프터눈 티'),
  ('london', '선데이 로스트'),
  ('newyork', '뉴욕 피자'),
  ('newyork', '베이글'),
  ('newyork', '핫도그'),
  ('rio', '슈하스코'),
  ('rio', '아사이 보울'),
  ('rio', '페이조아다');

INSERT INTO city_landmarks (city_id, name)
VALUES
  ('seoul', '경복궁'),
  ('seoul', '남산타워'),
  ('seoul', '명동'),
  ('seoul', '홍대'),
  ('busan', '해운대'),
  ('busan', '감천문화마을'),
  ('busan', '태종대'),
  ('busan', '자갈치시장'),
  ('tokyo', '도쿄타워'),
  ('tokyo', '시부야 교차로'),
  ('tokyo', '아사쿠사'),
  ('tokyo', '아키하바라'),
  ('osaka', '오사카성'),
  ('osaka', '도톤보리'),
  ('osaka', '유니버설 스튜디오'),
  ('shanghai', '와이탄'),
  ('shanghai', '동방명주'),
  ('shanghai', '예원'),
  ('bangkok', '왓 아룬'),
  ('bangkok', '왕궁'),
  ('bangkok', '카오산 로드'),
  ('singapore', '마리나 베이 샌즈'),
  ('singapore', '가든스 바이 더 베이'),
  ('singapore', '센토사'),
  ('mumbai', '타지마할 호텔'),
  ('mumbai', '게이트웨이 오브 인디아'),
  ('dubai', '부르즈 할리파'),
  ('dubai', '팜 주메이라'),
  ('dubai', '두바이 몰'),
  ('istanbul', '아야 소피아'),
  ('istanbul', '블루 모스크'),
  ('istanbul', '그랜드 바자르'),
  ('paris', '에펠탑'),
  ('paris', '루브르 박물관'),
  ('paris', '개선문'),
  ('london', '빅 벤'),
  ('london', '버킹엄 궁전'),
  ('london', '타워 브릿지'),
  ('newyork', '자유의 여신상'),
  ('newyork', '타임스 스퀘어'),
  ('newyork', '센트럴 파크'),
  ('rio', '코르코바도 산'),
  ('rio', '코파카바나'),
  ('rio', '이과수 폭포');

INSERT INTO missions (id, city_id, type, title, description, image_url, steps_required, emoji, reward, ai_composite, ai_prompt, sort_order)
VALUES
  ('s1', 'seoul', 'photo', '경복궁 앞에서 사진 찍기', '경복궁 정문에서 인증샷을 남겨보세요', NULL, 0, '📸', '여행자 배지', FALSE, NULL, 1),
  ('s2', 'seoul', 'food', '비빔밥 먹기', '전통 비빔밥을 먹고 인증해보세요', NULL, 50000, '🍽️', '미식가 칭호', FALSE, NULL, 2),
  ('s3', 'seoul', 'writing', '서울의 추억 남기기', '서울에서의 첫 여행 소감을 적어보세요', NULL, 100000, '✍️', NULL, FALSE, NULL, 3),
  ('s4', 'seoul', 'explore', '남산타워 전망대 도착', '남산타워까지 걸어서 올라가보세요', NULL, 150000, '🗺️', '등반왕 배지', FALSE, NULL, 4),
  ('s5', 'seoul', 'social', '서울 친구 만들기', '서울에 있는 다른 여행자와 친구를 맺어보세요', NULL, 180000, '👋', NULL, FALSE, NULL, 5),
  ('s6', 'seoul', 'photo', '한복 입고 인생샷', '한복을 입고 경복궁에서 AI 합성 사진을 만들어보세요', NULL, 50000, '📸', '한복 미인 배지', TRUE, '경복궁 근정전 앞 벚꽃이 흩날리는 아름다운 배경', 6),
  ('b1', 'busan', 'photo', '해운대 해변 인증샷', '해운대 바다를 배경으로 사진을 남겨보세요', NULL, 200000, '📸', '해변 탐험가', FALSE, NULL, 1),
  ('b2', 'busan', 'food', '밀면 한 그릇', '부산의 대표 음식 밀면을 맛보세요', NULL, 250000, '🍽️', NULL, FALSE, NULL, 2),
  ('b3', 'busan', 'explore', '감천문화마을 산책', '알록달록한 감천문화마을을 걸어보세요', NULL, 300000, '🗺️', '마을 탐험가', FALSE, NULL, 3),
  ('b4', 'busan', 'writing', '바다가 보이는 일기', '부산 바다를 보며 느낀 점을 적어보세요', NULL, 350000, '✍️', NULL, FALSE, NULL, 4),
  ('b5', 'busan', 'photo', '광안대교 야경 합성', '광안대교의 화려한 야경 앞에 서 있는 합성 사진을 만들어보세요', NULL, 280000, '📸', '야경 사진가', TRUE, '부산 광안대교 화려한 LED 야경이 비치는 해변', 5),
  ('b6', 'busan', 'writing', '부산 사투리 도전기', '부산 사투리를 배우고 느낀 점을 글로 남겨보세요', NULL, 320000, '✍️', NULL, FALSE, NULL, 6),
  ('t1', 'tokyo', 'photo', '도쿄타워 앞에서 사진 찍기', '도쿄의 상징 앞에서 여행 인증샷을 남겨보세요', NULL, 400000, '📸', '도쿄 탐험가', FALSE, NULL, 1),
  ('t2', 'tokyo', 'food', '라멘 한 그릇 먹기', '진한 돈코츠 라멘을 맛보세요', NULL, 430000, '🍽️', '라멘 마스터', FALSE, NULL, 2),
  ('t3', 'tokyo', 'explore', '시부야 교차로 건너기', '세계에서 가장 바쁜 교차로를 체험하세요', NULL, 460000, '🗺️', NULL, FALSE, NULL, 3),
  ('t4', 'tokyo', 'writing', '도쿄에서 보내는 편지', '도쿄에서의 하루를 글로 남겨보세요', NULL, 490000, '✍️', NULL, FALSE, NULL, 4),
  ('t5', 'tokyo', 'food', '스시 오마카세 도전', '일본 정통 스시를 맛보세요', NULL, 520000, '🍽️', '스시 감별사', FALSE, NULL, 5),
  ('t6', 'tokyo', 'photo', '아사쿠사 센소지 인증', '붉은 등 아래서 특별한 사진을 남기세요', NULL, 540000, '📸', NULL, FALSE, NULL, 6),
  ('t7', 'tokyo', 'social', '도쿄 여행자 모임', '같은 도시의 여행자 3명과 친구를 맺어보세요', NULL, 560000, '👋', '소셜 나비', FALSE, NULL, 7),
  ('t8', 'tokyo', 'food', '타코야키 길거리 체험', '아키하바라에서 타코야키를 즐겨보세요', NULL, 580000, '🍽️', NULL, FALSE, NULL, 8),
  ('t9', 'tokyo', 'photo', '벚꽃 아래 인생샷 합성', '만개한 벚꽃 터널 속 나의 모습을 AI로 합성해보세요', NULL, 440000, '📸', '벚꽃 여행자', TRUE, '도쿄 메구로강 만개한 벚꽃 터널 아래 봄날의 풍경', 9),
  ('t10', 'tokyo', 'writing', '일본 편의점 탐방기', '일본 편의점에서 발견한 신기한 것들을 글로 남겨보세요', NULL, 470000, '✍️', NULL, FALSE, NULL, 10),
  ('o1', 'osaka', 'photo', '오사카성 인증샷', '오사카성을 배경으로 사진을 찍어보세요', NULL, 600000, '📸', '성 탐험가', FALSE, NULL, 1),
  ('o2', 'osaka', 'food', '오코노미야키 체험', '오사카식 오코노미야키를 먹어보세요', NULL, 650000, '🍽️', NULL, FALSE, NULL, 2),
  ('o3', 'osaka', 'explore', '도톤보리 야경 산책', '네온사인 가득한 도톤보리를 걸어보세요', NULL, 700000, '🗺️', NULL, FALSE, NULL, 3),
  ('o4', 'osaka', 'writing', '오사카의 맛을 기록하기', '먹거리 천국 오사카에서의 미식 일기를 남겨보세요', NULL, 750000, '✍️', NULL, FALSE, NULL, 4),
  ('o5', 'osaka', 'photo', '글리코 간판 앞 합성샷', '도톤보리의 상징 글리코 간판 앞에서 AI 합성 사진을 만들어보세요', NULL, 630000, '📸', '오사카 러너', TRUE, '오사카 도톤보리 글리코 간판이 빛나는 야경 거리', 5),
  ('o6', 'osaka', 'writing', '오사카 vs 도쿄 비교기', '오사카와 도쿄를 비교하며 느낀 점을 적어보세요', NULL, 720000, '✍️', NULL, FALSE, NULL, 6),
  ('sh1', 'shanghai', 'photo', '와이탄 야경 촬영', '상하이 와이탄의 화려한 야경을 남겨보세요', NULL, 800000, '📸', NULL, FALSE, NULL, 1),
  ('sh2', 'shanghai', 'food', '샤오롱바오 먹기', '진짜 상하이 샤오롱바오를 맛보세요', NULL, 860000, '🍽️', NULL, FALSE, NULL, 2),
  ('sh3', 'shanghai', 'explore', '예원 정원 산책', '아름다운 중국 전통 정원을 걸어보세요', NULL, 920000, '🗺️', NULL, FALSE, NULL, 3),
  ('sh4', 'shanghai', 'photo', '동방명주 앞 합성샷', '상하이의 상징 동방명주탑 앞에서 AI 합성 사진을 찍어보세요', NULL, 830000, '📸', '상하이 탐험가', TRUE, '상하이 푸둥 동방명주탑과 스카이라인이 보이는 야경', 4),
  ('sh5', 'shanghai', 'writing', '중국 문화 체험기', '상하이에서 경험한 중국 문화에 대해 글을 남겨보세요', NULL, 890000, '✍️', NULL, FALSE, NULL, 5),
  ('sh6', 'shanghai', 'photo', '치파오 입고 촬영', '전통 의상 치파오를 입고 상하이 골목 배경 합성 사진을 만들어보세요', NULL, 950000, '📸', '치파오 미인', TRUE, '상하이 프랑스 조계지 플라타너스 가로수길의 복고풍 골목', 6),
  ('bk1', 'bangkok', 'photo', '왓 아룬 사진 찍기', '새벽의 사원 앞에서 인증샷을 남겨보세요', NULL, 1000000, '📸', NULL, FALSE, NULL, 1),
  ('bk2', 'bangkok', 'food', '팟타이 먹기', '본고장 팟타이를 맛보세요', NULL, 1070000, '🍽️', NULL, FALSE, NULL, 2),
  ('bk3', 'bangkok', 'social', '카오산 로드 친구 만들기', '배낭여행자 거리에서 새 친구를 사귀세요', NULL, 1140000, '👋', NULL, FALSE, NULL, 3),
  ('bk4', 'bangkok', 'photo', '왕궁 앞 합성 사진', '태국 왕궁의 황금빛 지붕 앞에서 AI 합성 사진을 만들어보세요', NULL, 1040000, '📸', '황금 궁전 배지', TRUE, '방콕 왕궁의 황금빛 첨탑과 에메랄드 사원이 보이는 광장', 4),
  ('bk5', 'bangkok', 'writing', '태국 사원 순례기', '방콕의 화려한 사원들을 방문하고 느낀 점을 적어보세요', NULL, 1100000, '✍️', NULL, FALSE, NULL, 5),
  ('bk6', 'bangkok', 'photo', '수상시장 인증샷', '담넌 사두악 수상시장에서 배 위의 사진을 업로드하세요', NULL, 1120000, '📸', '수상 탐험가', FALSE, NULL, 6),
  ('bk7', 'bangkok', 'writing', '태국 음식 리뷰', '방콕에서 먹은 음식들에 대한 솔직한 리뷰를 써보세요', NULL, 1160000, '✍️', NULL, FALSE, NULL, 7),
  ('sg1', 'singapore', 'photo', '마리나 베이 샌즈 인증', '싱가포르의 상징 마리나 베이 샌즈를 배경으로 사진을 찍어보세요', NULL, 1200000, '📸', '가든시티 탐험가', FALSE, NULL, 1),
  ('sg2', 'singapore', 'photo', '머라이언 합성 사진', '머라이언 분수 옆에서 물줄기를 받는 포즈의 AI 합성 사진을 만들어보세요', NULL, 1230000, '📸', '머라이언 친구', TRUE, '싱가포르 머라이언 파크에서 물줄기를 뿜는 머라이언 동상 옆', 2),
  ('sg3', 'singapore', 'writing', '가든스 바이 더 베이 감상문', '초현실적인 슈퍼트리 그로브를 보고 느낀 감상을 적어보세요', NULL, 1260000, '✍️', NULL, FALSE, NULL, 3),
  ('sg4', 'singapore', 'food', '칠리크랩 도전', '싱가포르 대표 음식 칠리크랩을 먹고 인증해보세요', NULL, 1290000, '🍽️', '크랩 마스터', FALSE, NULL, 4),
  ('sg5', 'singapore', 'photo', '슈퍼트리 야경 합성', '가든스 바이 더 베이 슈퍼트리의 환상적인 야경과 합성 사진을 만들어보세요', NULL, 1320000, '📸', '야경 감별사', TRUE, '싱가포르 가든스 바이 더 베이 슈퍼트리 그로브의 보라빛 LED 야경', 5),
  ('sg6', 'singapore', 'writing', '다문화 도시의 매력', '중국, 말레이, 인도 문화가 공존하는 싱가포르의 매력을 글로 남겨보세요', NULL, 1350000, '✍️', NULL, FALSE, NULL, 6),
  ('mb1', 'mumbai', 'photo', '게이트웨이 오브 인디아 인증', '뭄바이의 상징 게이트웨이 오브 인디아에서 사진을 찍어보세요', NULL, 1400000, '📸', '인도 모험가', FALSE, NULL, 1),
  ('mb2', 'mumbai', 'photo', '타지마할 호텔 합성샷', '웅장한 타지마할 팰리스 호텔을 배경으로 AI 합성 사진을 만들어보세요', NULL, 1440000, '📸', '궁전 여행자', TRUE, '뭄바이 타지마할 팰리스 호텔의 웅장한 정면과 아라비아해가 보이는 석양', 2),
  ('mb3', 'mumbai', 'writing', '볼리우드의 도시 체험기', '볼리우드 영화의 본고장에서 느낀 활기를 글로 남겨보세요', NULL, 1470000, '✍️', NULL, FALSE, NULL, 3),
  ('mb4', 'mumbai', 'food', '버터 치킨 맛보기', '정통 인도식 버터 치킨을 맛보고 인증해보세요', NULL, 1500000, '🍽️', '카레 마스터', FALSE, NULL, 4),
  ('mb5', 'mumbai', 'photo', '인도 전통 의상 합성', '사리를 입고 뭄바이 거리에서 AI 합성 사진을 만들어보세요', NULL, 1530000, '📸', '사리 패셔니스타', TRUE, '뭄바이 마린 드라이브 해안가 석양빛이 비치는 거리', 5),
  ('mb6', 'mumbai', 'writing', '인도 길거리 음식 도전기', '뭄바이 길거리 음식에 도전한 경험을 솔직하게 적어보세요', NULL, 1560000, '✍️', NULL, FALSE, NULL, 6),
  ('db1', 'dubai', 'photo', '부르즈 할리파 인증샷', '세계 최고층 건물 앞에서 사진을 찍어보세요', NULL, 1600000, '📸', '스카이 워커', FALSE, NULL, 1),
  ('db2', 'dubai', 'photo', '사막 위의 나 합성', '끝없는 황금빛 사막 위에 서 있는 AI 합성 사진을 만들어보세요', NULL, 1640000, '📸', '사막 탐험가', TRUE, '두바이 황금빛 사막의 모래 언덕 위 석양이 지는 드라마틱한 풍경', 2),
  ('db3', 'dubai', 'writing', '미래도시 두바이 탐방기', '사막 위에 세워진 미래도시 두바이의 첫인상을 글로 남겨보세요', NULL, 1670000, '✍️', NULL, FALSE, NULL, 3),
  ('db4', 'dubai', 'food', '샤와르마 체험', '중동의 대표 음식 샤와르마를 맛보세요', NULL, 1700000, '🍽️', NULL, FALSE, NULL, 4),
  ('db5', 'dubai', 'photo', '팜 주메이라 합성샷', '야자수 모양 인공 섬 위에서 AI 합성 사진을 만들어보세요', NULL, 1730000, '📸', '럭셔리 트래블러', TRUE, '두바이 팜 주메이라 아틀란티스 호텔이 보이는 해변의 청록빛 바다', 5),
  ('db6', 'dubai', 'writing', '두바이 럭셔리 체험기', '세계에서 가장 호화로운 도시에서의 경험을 기록해보세요', NULL, 1760000, '✍️', '럭셔리 작가', FALSE, NULL, 6),
  ('is1', 'istanbul', 'photo', '아야 소피아 인증샷', '천년의 역사를 간직한 아야 소피아에서 사진을 찍어보세요', NULL, 1800000, '📸', '역사 탐험가', FALSE, NULL, 1),
  ('is2', 'istanbul', 'photo', '블루 모스크 합성 사진', '블루 모스크의 장엄한 내부를 배경으로 AI 합성 사진을 만들어보세요', NULL, 1835000, '📸', '모스크 순례자', TRUE, '이스탄불 블루 모스크 내부의 푸른 이즈닉 타일과 황금 돔 천장', 2),
  ('is3', 'istanbul', 'writing', '동서양의 교차점에서', '아시아와 유럽을 잇는 이스탄불에서 느낀 문화적 교차를 글로 남겨보세요', NULL, 1870000, '✍️', NULL, FALSE, NULL, 3),
  ('is4', 'istanbul', 'food', '케밥 먹기', '본고장 터키 케밥을 맛보고 인증해보세요', NULL, 1900000, '🍽️', '케밥 감별사', FALSE, NULL, 4),
  ('is5', 'istanbul', 'photo', '보스포루스 해협 합성', '보스포루스 해협 크루즈를 배경으로 AI 합성 사진을 만들어보세요', NULL, 1930000, '📸', NULL, TRUE, '이스탄불 보스포루스 해협 위 페리에서 본 석양과 모스크 실루엣', 5),
  ('is6', 'istanbul', 'writing', '그랜드 바자르 쇼핑 일기', '세계에서 가장 오래된 시장 그랜드 바자르에서의 흥정 경험을 적어보세요', NULL, 1960000, '✍️', '흥정왕', FALSE, NULL, 6),
  ('p1', 'paris', 'photo', '에펠탑 앞에서 사진 찍기', '파리의 상징 앞에서 인증샷을 남겨보세요', NULL, 2000000, '📸', '파리지앵', FALSE, NULL, 1),
  ('p2', 'paris', 'food', '크루아상 맛보기', '진짜 프랑스 크루아상을 체험하세요', NULL, 2060000, '🍽️', NULL, FALSE, NULL, 2),
  ('p3', 'paris', 'explore', '루브르 박물관 탐방', '세계 최대 박물관을 걸어보세요', NULL, 2120000, '🗺️', NULL, FALSE, NULL, 3),
  ('p4', 'paris', 'writing', '파리에서 보내는 연애편지', '사랑의 도시에서 특별한 편지를 써보세요', NULL, 2160000, '✍️', '로맨티스트', FALSE, NULL, 4),
  ('p5', 'paris', 'photo', '에펠탑 야경 합성', '반짝이는 에펠탑 야경 앞에서 AI 합성 사진을 만들어보세요', NULL, 2030000, '📸', '에펠탑 러버', TRUE, '파리 에펠탑이 반짝이는 야경, 트로카데로 광장에서 본 로맨틱한 풍경', 5),
  ('p6', 'paris', 'writing', '프랑스 미술관 감상기', '오르세, 루브르 등 파리 미술관에서 본 작품에 대한 감상을 남겨보세요', NULL, 2140000, '✍️', NULL, FALSE, NULL, 6),
  ('p7', 'paris', 'photo', '개선문 앞 인증', '샹젤리제 거리 끝 개선문에서 사진을 업로드해보세요', NULL, 2090000, '📸', NULL, FALSE, NULL, 7),
  ('ld1', 'london', 'photo', '빅 벤 인증샷', '런던의 상징 빅 벤 시계탑에서 사진을 찍어보세요', NULL, 2200000, '📸', '런던 탐험가', FALSE, NULL, 1),
  ('ld2', 'london', 'photo', '타워 브릿지 합성 사진', '타워 브릿지 위에서 템스강을 내려다보는 AI 합성 사진을 만들어보세요', NULL, 2235000, '📸', '브릿지 워커', TRUE, '런던 타워 브릿지 위에서 내려다보는 템스강과 런던 시티 스카이라인', 2),
  ('ld3', 'london', 'writing', '영국 왕실 문화 체험기', '버킹엄 궁전 근위병 교대식을 보고 느낀 점을 적어보세요', NULL, 2270000, '✍️', NULL, FALSE, NULL, 3),
  ('ld4', 'london', 'food', '피쉬 앤 칩스 도전', '정통 영국식 피쉬 앤 칩스를 맛보세요', NULL, 2300000, '🍽️', '영국 미식가', FALSE, NULL, 4),
  ('ld5', 'london', 'photo', '해리포터 플랫폼 합성', '킹스 크로스역 9와 3/4 플랫폼에서 AI 합성 사진을 만들어보세요', NULL, 2330000, '📸', '마법사 배지', TRUE, '런던 킹스 크로스역 9와 3/4 플랫폼 벽돌벽 앞 마법의 안개', 5),
  ('ld6', 'london', 'writing', '대영박물관 감상문', '세계 3대 박물관 대영박물관에서 가장 인상 깊었던 전시를 글로 남겨보세요', NULL, 2360000, '✍️', '역사 기록가', FALSE, NULL, 6),
  ('ld7', 'london', 'photo', '런던 아이 인증', '템스강변 대관람차 런던 아이에서 찍은 사진을 업로드하세요', NULL, 2250000, '📸', NULL, FALSE, NULL, 7),
  ('ny1', 'newyork', 'photo', '자유의 여신상 인증', '자유의 상징 앞에서 사진을 남겨보세요', NULL, 2400000, '📸', NULL, FALSE, NULL, 1),
  ('ny2', 'newyork', 'food', '뉴욕 피자 한 조각', '정통 뉴욕 스타일 피자를 맛보세요', NULL, 2480000, '🍽️', NULL, FALSE, NULL, 2),
  ('ny3', 'newyork', 'explore', '센트럴 파크 산책', '뉴욕의 허파를 걸어보세요', NULL, 2550000, '🗺️', NULL, FALSE, NULL, 3),
  ('ny4', 'newyork', 'photo', '타임스 스퀘어 합성샷', '타임스 스퀘어의 화려한 네온사인 속에 서 있는 AI 합성 사진을 만들어보세요', NULL, 2440000, '📸', '빅 애플 러버', TRUE, '뉴욕 타임스 스퀘어의 수백 개 LED 광고판이 빛나는 밤거리', 4),
  ('ny5', 'newyork', 'writing', '브로드웨이 뮤지컬 감상기', '브로드웨이에서 관람한 뮤지컬에 대한 감상을 남겨보세요', NULL, 2500000, '✍️', NULL, FALSE, NULL, 5),
  ('ny6', 'newyork', 'photo', '브루클린 브릿지 합성', '브루클린 브릿지를 걸으며 맨해튼 스카이라인과 AI 합성 사진을 만들어보세요', NULL, 2530000, '📸', '뉴요커', TRUE, '뉴욕 브루클린 브릿지 보행로에서 본 맨해튼 스카이라인 석양', 6),
  ('ny7', 'newyork', 'writing', '뉴욕의 다양성 에세이', '세계의 수도 뉴욕에서 만난 다양한 문화와 사람들에 대해 써보세요', NULL, 2570000, '✍️', '세계시민 배지', FALSE, NULL, 7),
  ('ri1', 'rio', 'photo', '코르코바도 산 인증샷', '거대한 예수상 아래에서 사진을 찍어보세요', NULL, 2600000, '📸', '리우 모험가', FALSE, NULL, 1),
  ('ri2', 'rio', 'photo', '예수상 앞 합성 사진', '코르코바도 예수상이 두 팔 벌린 모습 아래 AI 합성 사진을 만들어보세요', NULL, 2640000, '📸', '예수상 배지', TRUE, '리우데자네이루 코르코바도 산 정상 예수상 앞 구름 위 파노라마 전경', 2),
  ('ri3', 'rio', 'writing', '삼바의 리듬 속으로', '브라질 삼바 문화를 체험하고 느낀 점을 글로 남겨보세요', NULL, 2670000, '✍️', NULL, FALSE, NULL, 3),
  ('ri4', 'rio', 'food', '슈하스코 도전', '브라질식 바비큐 슈하스코를 맛보세요', NULL, 2700000, '🍽️', '슈하스코 마스터', FALSE, NULL, 4),
  ('ri5', 'rio', 'photo', '코파카바나 해변 합성', '코파카바나 해변의 하얀 모래사장 위에서 AI 합성 사진을 만들어보세요', NULL, 2730000, '📸', '해변의 왕', TRUE, '리우데자네이루 코파카바나 해변의 하얀 모래와 슈거로프 산이 보이는 석양', 5),
  ('ri6', 'rio', 'writing', '지구 한바퀴 완주 소감', '서울에서 시작해 리우까지 도착한 지구 한바퀴 여행의 소감을 남겨보세요', NULL, 2780000, '✍️', '지구 한바퀴 완주자', FALSE, NULL, 6),
  ('ri7', 'rio', 'photo', '카니발 의상 합성', '화려한 리우 카니발 의상을 입은 AI 합성 사진을 만들어보세요', NULL, 2760000, '📸', '카니발 스타', TRUE, '리우 카니발 퍼레이드의 화려한 깃털과 반짝이는 장식들이 가득한 무대', 7);
